mc_run_id,grouping,mean_ghgs,mean_land,mean_watscar,mean_eut,mean_ghgs_ch4,mean_ghgs_n2o,mean_bio,mean_watuse,mean_acid,sd_ghgs,sd_land,sd_watscar,sd_eut,sd_ghgs_ch4,sd_ghgs_n2o,sd_bio,sd_watuse,sd_acid,n_participants,sex,diet_group,age_group
1,fish_female_20-29,5.421821387,8.612771514,14165.8624,23.94537171,1.164642536,0.343663411,476.2704126,679.923479,23.43919564,2.043121433,3.811792159,5411.942852,8.167012875,0.632546604,0.146826588,283.8834281,249.4725631,8.231175865,1329,female,fish,20-29
1,fish_female_30-39,5.436672807,8.680248379,15222.77063,24.30526207,1.154117567,0.326867703,467.9232013,709.3437853,24.16626004,1.92597713,3.527833768,5761.698432,8.467858208,0.601941235,0.130298439,270.2471078,277.9272693,7.947014179,2024,female,fish,30-39
1,fish_female_40-49,5.289333494,8.467722706,15818.80068,24.19110506,1.108404229,0.310324002,438.6598318,707.9253678,24.59769962,1.781471186,3.093304531,5929.50225,8.107006442,0.572941349,0.119871911,252.4150633,275.7605148,8.103588914,1689,female,fish,40-49
1,fish_female_50-59,5.169020338,8.219198702,16962.06009,24.74815398,1.032500992,0.298129957,395.7876223,720.8251053,25.0046366,1.749271151,3.103613487,7230.767144,9.51402758,0.509688502,0.104731326,209.5667218,310.4224454,8.712428115,946,female,fish,50-59
1,fish_female_60-69,5.38026761,8.570718271,18212.66232,25.5594299,1.098827574,0.310734866,421.1768674,749.3928264,26.04873738,1.96181407,3.664188477,7264.966514,9.258067687,0.609398081,0.113401488,264.5992568,315.9225704,8.616600658,492,female,fish,60-69
1,fish_female_70-79,5.261443442,8.590993404,18956.45472,24.72273712,1.072913689,0.318862305,421.1908924,737.551714,25.28166578,1.706444806,2.9769158,9271.666687,8.669523313,0.511331176,0.106542558,229.0616459,309.8887153,8.423872192,195,female,fish,70-79
1,fish_male_20-29,6.487269591,10.01335938,16576.20716,28.3456298,1.359269751,0.406118298,560.8109576,825.9289259,27.25711881,2.068453833,3.632505293,6841.739234,12.49482477,0.637551188,0.152574766,285.5213347,446.6745311,9.380950479,163,male,fish,20-29
1,fish_male_30-39,5.941806702,9.268371734,16747.50289,26.39279603,1.21494611,0.367507451,504.4426723,775.9340465,25.6767921,2.000732597,3.477489536,6152.59938,9.736168497,0.607283822,0.152547755,269.0681568,332.3144707,8.372291622,412,male,fish,30-39
1,fish_male_40-49,5.827033004,9.242534555,16564.72408,25.88726935,1.207849417,0.344069088,493.4895294,769.6018376,25.17159299,2.17038244,4.003915773,6263.703478,10.88407048,0.680575018,0.129696422,313.4805846,390.2082969,8.74798831,432,male,fish,40-49
1,fish_male_50-59,5.592126639,8.762797277,17075.25806,25.23951642,1.139126123,0.318349289,455.2992041,740.642378,25.19513616,1.938282295,3.219627001,6406.486132,9.082830859,0.59217143,0.10948058,253.3998131,302.5084907,8.707410954,214,male,fish,50-59
1,fish_male_60-69,5.670219693,9.103685951,18422.12594,25.31159039,1.173765462,0.334603188,463.6510308,760.0102593,25.34000326,2.616778426,5.238285577,8187.461608,9.556623649,0.82943441,0.161603613,369.5739839,311.8056155,9.29618197,159,male,fish,60-69
1,fish_male_70-79,5.660791313,9.220472112,20524.53505,26.25438148,1.146796793,0.34402508,446.4773035,778.165674,26.12677758,1.84844363,3.285857787,10485.84754,10.05073457,0.533210093,0.135541879,228.0027287,344.068747,7.621084803,68,male,fish,70-79
1,meat <50_female_20-29,5.927732602,10.27247699,14586.8356,25.38452384,1.276117687,0.399843081,427.7229833,674.5430091,26.13988863,1.79342076,3.704296788,5311.039891,7.861824618,0.529539803,0.154335172,237.1860189,252.2644004,7.916370193,764,female,meat50,20-29
1,meat <50_female_30-39,6.003929979,10.38454727,15752.30409,26.0106382,1.293201035,0.381648848,430.2972202,700.7985444,26.84449348,1.923838631,3.820882226,5726.490505,8.255824108,0.587542494,0.128569146,258.7540369,268.56825,8.252205156,1483,female,meat50,30-39
1,meat <50_female_40-49,6.020008047,10.70105987,15996.1005,26.11663501,1.296336064,0.375931451,409.0819818,692.2167493,27.33339739,1.736501366,3.805002795,6259.684342,7.601180101,0.513286218,0.116426001,214.0280831,255.1008014,7.622455082,2093,female,meat50,40-49
1,meat <50_female_50-59,6.01924397,10.74323293,16758.05328,26.46885432,1.284088917,0.371280393,383.1498309,689.8950486,28.29468711,1.722445266,3.84971295,6172.467829,7.648695801,0.506564083,0.119638216,215.0101885,245.547366,7.640335054,1698,female,meat50,50-59
1,meat <50_female_60-69,6.12706664,10.93675087,17389.58465,27.02104594,1.33589011,0.371628594,398.2939691,702.7094683,29.10259898,1.705018198,3.828733261,6405.46803,7.695902432,0.503120373,0.108823345,214.2518794,252.8483195,7.673702416,1047,female,meat50,60-69
1,meat <50_female_70-79,6.108421286,10.84459189,17911.83716,26.59641935,1.336771705,0.37114474,397.095204,688.2086626,28.89372036,1.935202956,4.204375911,6198.269994,7.934232403,0.531318986,0.112283694,208.5642621,230.1008217,8.394529222,381,female,meat50,70-79
1,meat <50_male_20-29,6.619954265,11.2897858,14968.33429,27.00220823,1.468101422,0.455237917,488.69607,698.3133646,27.96469991,1.966831848,3.498857919,5588.079791,7.891656937,0.566627732,0.189165007,275.8570923,256.8332566,8.265571982,131,male,meat50,20-29
1,meat <50_male_30-39,6.535518364,11.04114529,17411.20814,27.96511484,1.416491518,0.417211266,472.9986144,762.6999794,28.73458881,1.934344037,3.722593995,7255.810794,9.832603761,0.552242719,0.149922481,239.3586775,298.9267665,8.795262487,370,male,meat50,30-39
1,meat <50_male_40-49,6.420751375,11.14559807,17236.3619,27.05329439,1.388113312,0.394036888,448.139442,731.242473,28.48512582,1.985006308,4.061079451,7837.986485,7.811728489,0.620834988,0.12766338,267.6882397,287.4480083,8.100317459,448,male,meat50,40-49
1,meat <50_male_50-59,6.352414318,11.2536507,16751.07746,26.93328193,1.383757075,0.393446762,432.1385594,700.6082022,28.74121128,1.661312988,3.682279505,5738.834566,6.953856686,0.517367894,0.125952223,212.0155311,219.1386375,7.653890942,410,male,meat50,50-59
1,meat <50_male_60-69,6.367314503,11.52963215,17426.86754,27.23321502,1.388543466,0.394713792,424.7647744,705.6029088,28.6753189,1.888730536,4.245456247,7300.313611,8.653986324,0.556506774,0.119308967,238.1432146,295.3198968,7.788732764,364,male,meat50,60-69
1,meat <50_male_70-79,6.599423491,11.86679413,18302.94332,27.81293515,1.464342527,0.397471401,457.4357929,717.1649465,29.79081426,1.930426724,4.412684387,7620.643342,7.134230011,0.569980535,0.128780599,244.1823852,237.0310152,7.738303489,143,male,meat50,70-79
1,meat 100+_female_20-29,11.87982462,26.5937847,21469.34811,42.65742903,2.54907471,0.843815088,512.5572288,902.7793219,46.08074615,3.949201021,13.11549885,5817.572997,11.3954986,0.988416878,0.248847603,220.4330605,249.194241,11.60041227,393,female,meat100,20-29
1,meat 100+_female_30-39,11.96845884,27.65542255,22011.58689,42.67007988,2.551939352,0.829262613,503.963325,900.8280981,46.11145194,4.06952495,13.68271088,5982.879632,11.36927885,0.969170046,0.251929503,226.1742752,252.8239523,11.28681799,778,female,meat100,30-39
1,meat 100+_female_40-49,12.92020942,31.57615902,21421.82316,43.87783905,2.772763338,0.85498839,494.4261061,867.5391951,48.23620362,4.320770422,14.93651716,5841.584029,11.3038627,0.995965283,0.249623656,200.1538326,244.9397513,11.52490467,1935,female,meat100,40-49
1,meat 100+_female_50-59,13.19977934,32.78808039,21816.69024,44.50445662,2.82428201,0.851622393,484.7749644,867.208198,49.2860059,4.175231777,14.62104623,6095.065531,10.73636616,0.970885482,0.235869476,208.6660309,235.9983481,11.22181931,1753,female,meat100,50-59
1,meat 100+_female_60-69,13.08482787,32.4828116,22444.91488,44.16969328,2.79216603,0.842137032,467.0687205,865.9825863,49.18348422,4.931735388,17.43909524,6290.634317,11.99720712,1.079602089,0.271287905,187.9614277,245.5310412,12.16187508,843,female,meat100,60-69
1,meat 100+_female_70-79,13.63538381,33.99887723,23793.60493,45.32490569,2.983679079,0.877619201,489.6386682,891.9966001,50.89834855,5.962177499,20.45013979,6913.213558,13.44608301,1.401391984,0.318705508,228.4349947,272.992415,14.81822328,274,female,meat100,70-79
1,meat 100+_male_20-29,13.81312707,30.71968273,24597.11697,50.66212956,3.108397081,0.999484066,544.2991415,996.3734283,54.63428239,4.848524669,15.59259193,8389.711124,14.41476635,1.250704581,0.330078527,206.7233157,281.0362689,15.98718705,132,male,meat100,20-29
1,meat 100+_male_30-39,12.70730784,28.86721482,23800.31181,46.87250598,2.750326514,0.903863676,515.881672,953.4546583,48.56600271,4.490043242,15.0702433,7899.750699,12.89952992,1.084565735,0.270011794,191.8830645,302.1641212,13.16824616,260,male,meat100,30-39
1,meat 100+_male_40-49,13.06543515,31.10944058,21988.80118,45.97584842,2.863740012,0.888740102,518.8295165,879.9493963,48.80054836,4.017232013,13.62551275,6212.002039,11.26033036,0.95151569,0.24250213,241.453944,230.0717624,11.22843879,616,male,meat100,40-49
1,meat 100+_male_50-59,13.24867111,32.09084684,22295.75055,45.89379751,2.892454564,0.875168456,510.7961688,884.8896982,49.31985734,4.417628036,14.85750214,6610.329402,12.41443701,1.063594917,0.26130184,229.5598765,235.4567863,12.39458688,591,male,meat100,50-59
1,meat 100+_male_60-69,12.93791425,31.36595316,23606.18896,45.35140156,2.848961205,0.865854481,510.7172617,904.9538375,48.54197202,4.278353116,14.80983429,8255.060734,11.57149249,0.965631588,0.252403407,203.5337422,257.9512492,11.18900219,543,male,meat100,60-69
1,meat 100+_male_70-79,13.96658592,34.90092963,24031.79369,47.13147831,3.076268096,0.927705985,544.2077678,914.2897468,50.5380814,5.854060973,20.90103516,6537.160488,12.92059917,1.278991311,0.334366935,236.4558066,225.2680377,13.78815394,168,male,meat100,70-79
1,meat50-99_female_20-29,7.746265567,14.6941552,17492.97153,31.73216064,1.635995766,0.544185482,439.4014837,769.7252477,33.13721917,2.123724731,6.239667902,5409.271579,8.047393286,0.60530599,0.15580061,204.7003795,243.5687714,7.936958951,669,female,meat,20-29
1,meat50-99_female_30-39,7.892923291,15.32398657,18159.31507,31.89561291,1.680040859,0.53948481,433.050281,770.0044908,33.77881208,2.204914853,6.801021719,5529.314623,8.242896218,0.59287736,0.151488095,190.8074076,249.3602618,7.93590963,1350,female,meat,30-39
1,meat50-99_female_40-49,8.249566897,16.90480421,18132.60161,32.3645383,1.766553831,0.542400054,432.0321477,753.0304344,34.9239736,2.407103673,7.570103205,5494.238312,8.053734676,0.644156044,0.152209882,217.6751056,236.5438126,8.042239418,2710,female,meat,40-49
1,meat50-99_female_50-59,8.249341825,17.13611951,18438.0567,32.54760795,1.752862361,0.529801019,410.5866931,746.4304128,35.53653605,2.561806192,8.465797577,5445.947197,7.921981215,0.65589869,0.148067272,203.4050783,230.0285806,8.060953097,2682,female,meat,50-59
1,meat50-99_female_60-69,8.116916563,16.46668953,19636.04294,32.62830103,1.727468416,0.524725461,406.7972239,761.8577122,35.7930088,2.418149066,8.04867747,6035.177011,7.87412452,0.610583698,0.144112694,184.022604,229.7916996,8.038340935,1456,female,meat,60-69
1,meat50-99_female_70-79,8.278411164,17.07779343,20538.54469,33.25561015,1.771180898,0.542553023,421.2104872,777.1724097,35.89136534,2.608942896,8.859791416,6858.758016,7.799299125,0.667762706,0.151964125,185.0220511,239.0553687,8.312086947,450,female,meat,70-79
1,meat50-99_male_20-29,8.335811008,15.04036845,19135.66122,33.93167315,1.797806583,0.5990488,499.5812779,839.1281022,35.45135709,2.175467745,5.383172089,8085.107075,8.688301137,0.629474348,0.20061665,280.0437002,300.2002945,8.460894433,151,male,meat,20-29
1,meat50-99_male_30-39,8.367336938,15.72744329,19641.14412,34.19644725,1.818297573,0.577970606,480.4283863,832.127496,36.02211939,2.269447199,6.101505894,6534.140414,8.942549531,0.670208775,0.164047676,250.6932632,296.0523005,9.23770222,304,male,meat,30-39
1,meat50-99_male_40-49,8.615127559,17.5020716,18183.43148,33.41001508,1.878015883,0.577753589,471.9890184,760.0485895,35.90714498,2.469739232,7.498848026,5564.111326,7.828028191,0.651094007,0.169851283,232.8786908,222.8056751,8.080429517,663,male,meat,40-49
1,meat50-99_male_50-59,8.489272366,17.56832473,18800.44243,33.23689456,1.832431262,0.5574205,438.0019507,765.3182981,35.60713711,2.552947607,8.163975461,6161.196758,7.948954658,0.666099016,0.166883013,212.872355,227.1740471,8.392593601,671,male,meat,50-59
1,meat50-99_male_60-69,8.522166874,17.81150472,19308.47972,33.54465059,1.839610649,0.55286991,436.7650648,762.2428413,35.96166732,2.43779171,8.16947228,6856.3153,8.200869794,0.605199125,0.14926748,186.4613882,241.1934747,8.123683025,634,male,meat,60-69
1,meat50-99_male_70-79,8.829175328,19.00120476,20198.31942,34.19259858,1.944884878,0.575594689,457.1164092,763.8226215,35.85721957,2.835314543,9.526069572,6165.972249,7.869425886,0.714410457,0.160968374,196.6259342,214.4502193,8.203842088,231,male,meat,70-79
1,vegan_female_20-29,2.541268096,4.511987511,12097.03978,13.58502085,0.149922805,0.187330091,111.4968046,465.2156005,11.90249669,1.017455894,1.72173773,7027.250628,7.866522615,0.165632282,0.075424001,79.24157115,321.5275781,5.630281259,487,female,vegan,20-29
1,vegan_female_30-39,2.732454432,4.764953233,12908.65359,14.76078524,0.166075573,0.200734531,124.7847963,501.0900113,12.8700979,1.096755948,1.895225161,5822.110652,8.717365293,0.201572647,0.088829887,97.53324694,324.8725739,5.825895101,376,female,vegan,30-39
1,vegan_female_40-49,2.927155068,5.227145273,14629.19161,16.05493212,0.20434058,0.21272685,141.0590361,560.3499935,14.11253575,1.393695501,2.302403643,9073.345742,11.31026172,0.282741288,0.119361827,143.8627583,447.4413518,7.162201885,219,female,vegan,40-49
1,vegan_female_50-59,2.556765295,4.933701114,15371.64635,13.39820116,0.134477599,0.191948419,111.9652267,500.2629554,12.85975193,0.933504116,1.83383969,10710.17715,6.073043913,0.144506846,0.064409762,58.95444813,310.8708838,5.503460549,106,female,vegan,50-59
1,vegan_female_60-69,2.709968872,5.351304306,16597.6277,14.16453739,0.144258411,0.201545204,120.8203972,517.1388773,13.66974587,1.190619038,2.596329251,11112.58226,7.603477249,0.19629489,0.076971529,83.85748687,322.3524783,6.517302559,81,female,vegan,60-69
1,vegan_female_70-79,3.037841964,5.322582128,16619.17539,16.77942485,0.192232059,0.209612739,134.9016315,595.3435592,14.70171886,1.387877726,2.711842592,7823.921248,9.850389789,0.178042431,0.079169202,73.0724013,339.4022826,7.836626407,25,female,vegan,70-79
1,vegan_male_20-29,3.095735085,5.276327486,14581.05296,15.5259383,0.191404632,0.220706203,126.2593371,536.8421024,13.96143919,1.484022613,2.591340758,7064.870507,8.010999265,0.443387281,0.127419412,76.84116018,297.9114386,7.692093525,198,male,vegan,20-29
1,vegan_male_30-39,2.884553621,4.933717057,14792.43839,14.99560765,0.151757967,0.196880945,118.6170959,531.971048,13.64126016,1.055987582,1.969310011,8525.19174,8.218912156,0.134316171,0.077412581,69.80718212,327.8324084,5.588839878,251,male,vegan,30-39
1,vegan_male_40-49,2.901077667,5.019157857,14866.13291,15.62518537,0.154060883,0.206870972,123.9004034,554.8318758,13.88138679,1.15594297,1.834797532,8331.331549,9.595373209,0.170544417,0.086453666,85.16258353,382.0426727,6.363477576,165,male,vegan,40-49
1,vegan_male_50-59,2.594267679,4.786076048,14527.06744,13.6908184,0.14699449,0.188691915,112.3318755,471.0458541,12.44242109,0.767650154,1.785682502,6181.368583,6.207912071,0.130634927,0.060103351,62.47125557,206.7651027,3.869426794,62,male,vegan,50-59
1,vegan_male_60-69,2.64879814,4.977209586,18656.48077,14.89294505,0.113757834,0.200283395,112.9035562,595.4867161,13.96092551,0.944070212,2.059487919,12090.98189,9.477646709,0.067728986,0.080020398,56.48768344,448.1274473,5.561304323,52,male,vegan,60-69
1,vegan_male_70-79,2.796317322,4.89043135,16497.81153,15.73247839,0.164211629,0.198185253,114.9310734,568.1544685,14.01718908,0.85181515,1.757358284,7829.947527,7.236075108,0.198792789,0.069742209,56.16186636,305.9306039,5.003520879,19,male,vegan,70-79
1,veggie_female_20-29,5.044961397,8.595095479,11373.04807,19.64906938,1.153817772,0.319762163,501.7626373,561.6202575,21.24464238,1.932231705,3.591317439,4774.678107,6.863972052,0.627888508,0.142062851,292.5014613,221.1281256,7.707906311,3752,female,veggie,20-29
1,veggie_female_30-39,5.013051243,8.592246129,12383.62599,19.93911838,1.127445625,0.306810585,486.7192935,581.8329618,21.86852734,1.860565136,3.432858262,5096.744177,6.704379853,0.61965868,0.132396788,281.155508,226.6851733,7.620039681,3634,female,veggie,30-39
1,veggie_female_40-49,4.923634992,8.53474324,13148.58695,20.01537118,1.090537939,0.287757134,461.3308569,589.9121733,22.2897797,1.842538602,3.41284626,5823.928622,6.847081361,0.608673933,0.11778365,272.7203823,233.9081146,7.932312018,2696,female,veggie,40-49
1,veggie_female_50-59,4.78945956,8.317550857,14239.46527,19.89408556,1.02723123,0.275825867,429.1507659,596.5714896,22.6413873,1.794010751,3.24298828,6581.327711,7.160799386,0.598909712,0.110689813,261.9298441,252.931641,8.044186207,1203,female,veggie,50-59
1,veggie_female_60-69,4.939143092,8.501173667,15360.88945,20.35890007,1.073937469,0.281496327,444.8194287,621.139223,23.45809946,1.922119928,3.384203509,7484.709639,7.811806856,0.620052106,0.106362733,279.4728906,290.8885625,8.382730707,536,female,veggie,60-69
1,veggie_female_70-79,5.090923037,8.933203779,16603.9833,19.95210973,1.146737892,0.303197347,487.864266,632.7394091,23.32803716,1.969476573,3.656430523,7384.20129,6.419166232,0.684386345,0.11375059,313.5465699,242.4875115,7.874107126,289,female,veggie,70-79
1,veggie_male_20-29,5.883936267,9.788368226,13347.2568,21.84219845,1.364753575,0.369721229,594.2691075,647.6116609,23.90390412,2.44647935,4.302293286,6543.21791,7.229110837,0.818558986,0.175596684,382.257759,246.7730598,8.92536646,646,male,veggie,20-29
1,veggie_male_30-39,5.672870907,9.456494862,13633.85359,21.43742953,1.26838185,0.351301022,557.0642639,631.5219366,23.84389744,2.342888229,4.032131568,6176.29794,7.979753566,0.776680032,0.170775355,359.213165,270.6671302,9.2493787,1221,male,veggie,30-39
1,veggie_male_40-49,5.342407752,9.025832428,14281.28437,20.96099603,1.16060824,0.317284412,500.8823966,628.730439,22.9966137,2.106217811,3.854693748,6469.96228,7.170865367,0.70394851,0.147335731,319.167991,248.5098958,8.300583884,961,male,veggie,40-49
1,veggie_male_50-59,5.046417062,8.766393566,14520.83342,19.71753101,1.078272495,0.298640627,461.4393591,590.4620162,22.18702325,2.010152011,3.874642607,5508.68946,6.842809621,0.659479934,0.128335843,293.5093916,218.4918511,7.953267386,426,male,veggie,50-59
1,veggie_male_60-69,5.084723451,8.897775021,15893.02546,20.31730309,1.081338818,0.305072999,468.4755566,627.6457582,22.66580122,2.056525436,3.705166209,7849.044006,8.956925019,0.660436272,0.122882929,296.4616483,335.9252704,8.234124648,229,male,veggie,60-69
1,veggie_male_70-79,5.392095299,9.438523264,17470.86392,20.57051031,1.210436072,0.322053654,525.6727802,652.6069805,23.29572716,2.396662495,4.368379092,11364.06991,7.569441268,0.838273257,0.13251962,380.3797194,330.2626017,8.703781397,158,male,veggie,70-79
2,fish_female_20-29,4.428025171,6.842433501,15399.48381,23.44381885,0.751939852,0.316826593,257.0347927,845.7187134,22.61499957,1.44872881,2.39264954,5401.565124,7.970344462,0.343161845,0.15258644,133.1086166,455.6884199,8.080467354,1329,female,fish,20-29
2,fish_female_30-39,4.445390459,6.863940941,15683.35856,23.4313769,0.732944145,0.306617356,259.0113554,819.8863051,23.15209027,1.37457408,2.247591154,5125.070809,7.999175877,0.31620616,0.137969893,129.9867632,430.7228177,7.749500679,2024,female,fish,30-39
2,fish_female_40-49,4.487860844,6.957114921,15906.34014,23.23726849,0.745767469,0.308503511,276.4319192,788.0590146,23.54569894,1.437996363,2.304129353,5275.99062,7.780222046,0.349309767,0.172683495,157.4888229,434.1436951,8.117449419,1689,female,fish,40-49
2,fish_female_50-59,4.576403514,6.967915359,16643.28471,23.90922374,0.753102301,0.304615532,282.2799636,822.1563166,24.03226602,1.551366078,2.248962557,6004.73247,9.446373763,0.358268204,0.15128746,148.2908938,498.7235481,8.826683153,946,female,fish,50-59
2,fish_female_60-69,4.699627657,7.251238098,17643.23115,24.55052982,0.795204709,0.322569539,298.1682624,855.4279062,24.58878003,1.48079823,2.401922107,6092.689247,8.893004652,0.357731621,0.143438601,156.8535377,498.0525063,8.581978052,492,female,fish,60-69
2,fish_female_70-79,4.635637842,7.223385112,18046.21137,23.74405903,0.772899088,0.341096322,294.6589764,807.0346899,23.61532971,1.597949753,2.477222381,6103.757486,8.787765499,0.362382095,0.182255729,169.1022475,439.1220768,8.742987097,195,female,fish,70-79
2,fish_male_20-29,5.087122014,7.723894506,16893.36502,27.66914773,0.813036674,0.352800009,265.6702227,920.5015985,25.75709094,1.648961582,2.573115554,5966.488688,11.32633572,0.353204035,0.17696185,148.4495807,508.276031,8.74123184,163,male,fish,20-29
2,fish_male_30-39,4.759447029,7.43382125,16300.35084,25.69673343,0.737797398,0.318712584,253.5549305,889.010904,24.39096996,1.470053878,2.555172695,5508.567816,9.081958465,0.336411419,0.131358459,137.4906998,526.2446639,8.213636602,412,male,fish,30-39
2,fish_male_40-49,4.681114878,7.143644272,16291.18998,24.83401197,0.728937673,0.313260925,246.5503275,817.7298422,23.75308549,1.462012744,2.428791324,5196.650699,9.642525779,0.314303173,0.126650523,120.7809243,428.3115688,8.286447179,432,male,fish,40-49
2,fish_male_50-59,4.688015271,7.044369475,16630.51266,24.38739922,0.737174484,0.313276753,266.0680704,819.1022265,24.0576467,1.516237836,2.10827181,5843.502098,8.613567309,0.34140397,0.150753982,128.9617143,455.3443791,8.540173514,214,male,fish,50-59
2,fish_male_60-69,4.779983187,7.317518424,17348.94135,24.42294831,0.780143147,0.347003512,296.5744678,837.4998189,23.88089825,1.672579097,2.6681838,6496.645281,9.927753896,0.43744586,0.206624149,169.1815569,460.6543786,8.938697792,159,male,fish,60-69
2,fish_male_70-79,4.924783975,7.576396022,18461.89324,25.74865103,0.816965638,0.344917578,295.4738106,830.5188231,24.8009108,1.555582416,2.355669138,7570.467007,10.74449283,0.361901788,0.165255453,137.7480437,422.0117404,8.025503628,68,male,fish,70-79
2,meat <50_female_20-29,4.766742623,7.420713068,15279.44374,25.07072573,0.900912295,0.342172774,267.283437,813.5105353,24.64842188,1.376536946,2.317591328,4859.774527,7.580227381,0.328262237,0.136954314,132.0822962,397.5228151,7.812261159,764,female,meat50,20-29
2,meat <50_female_30-39,4.856938922,7.42436214,16039.43264,25.44342239,0.905622464,0.341480167,268.1843695,811.9320976,25.43310696,1.498704714,2.269430038,5197.672067,7.992798701,0.360985211,0.16342599,145.2052041,402.9708047,8.213978957,1483,female,meat50,30-39
2,meat <50_female_40-49,4.945881155,7.583968546,16370.14534,25.7193075,0.948693621,0.346799748,275.2812229,806.1328904,25.76467901,1.398212695,2.258905204,4859.47339,7.530402711,0.347651295,0.165987015,147.445396,380.0974305,7.686163693,2093,female,meat50,40-49
2,meat <50_female_50-59,5.07343034,7.66739727,17268.27022,26.40594632,0.99879511,0.35055442,283.6212447,847.3433802,26.7373586,1.379311336,2.249129428,5103.241658,7.724648428,0.349230387,0.143440852,142.4668805,409.4609194,7.803538089,1698,female,meat50,50-59
2,meat <50_female_60-69,5.186166976,7.929697738,17789.17496,26.95661601,1.039807603,0.358884087,289.8160232,848.1326209,27.48265424,1.402752399,2.300772322,5236.391015,7.78554009,0.345069375,0.160105823,140.1815523,395.9257753,7.824418525,1047,female,meat50,60-69
2,meat <50_female_70-79,5.074112164,7.752370733,18588.44947,26.41293128,1.024674578,0.352497555,280.672507,842.3813509,26.82989225,1.46257641,2.385715309,5589.556105,8.203423252,0.359284334,0.143052431,123.5360008,389.5524375,8.220086791,381,female,meat50,70-79
2,meat <50_male_20-29,5.02347507,8.104087029,15299.58114,26.55531131,0.95233832,0.351956308,261.4065497,805.7303323,25.60101124,1.358147394,2.47986969,4641.360311,7.901221838,0.304359466,0.103933175,145.4366333,446.7265254,8.074448547,131,male,meat50,20-29
2,meat <50_male_30-39,5.194762053,8.023165798,16918.07815,27.67085245,0.960974964,0.364905016,269.6746308,875.3927365,26.84971484,1.601603486,2.599177932,6068.708321,10.17951135,0.373838289,0.148809641,137.7337774,541.3844006,8.842982634,370,male,meat50,30-39
2,meat <50_male_40-49,5.11783725,7.772082037,16566.00469,26.48157356,0.952847259,0.349532933,255.9070783,809.453833,26.48139964,1.352570884,2.471781188,5289.787998,7.696049326,0.345244691,0.137609671,129.5017068,393.3849823,7.764170868,448,male,meat50,40-49
2,meat <50_male_50-59,5.254956649,8.063507339,17018.06925,26.71020769,1.018118083,0.376582407,292.0588393,832.6655298,27.09219418,1.437660911,2.308496673,4537.37269,7.021351292,0.387187813,0.207339367,167.8424362,382.5572477,7.701479542,410,male,meat50,50-59
2,meat <50_male_60-69,5.163977553,8.030196556,17738.59598,26.96692206,1.021994265,0.376734611,289.8028498,863.3030637,26.64787358,1.480831873,2.3579898,5552.860141,8.779363191,0.345584371,0.181736974,155.2310087,522.1795081,7.802656386,364,male,meat50,60-69
2,meat <50_male_70-79,5.361578243,8.331732123,18695.90667,27.5968669,1.07435133,0.380325984,295.1811507,843.4946075,27.68366971,1.344905938,2.62514365,5660.889136,7.049341847,0.334623293,0.14012151,130.3743148,354.1908705,7.659359841,143,male,meat50,70-79
2,meat 100+_female_20-29,8.274415637,12.68647363,23401.55326,42.42655479,1.919352024,0.645655082,334.1181445,1118.797934,39.78894024,2.004555623,3.795110662,6771.709554,11.39846609,0.709871174,0.249332272,162.0157132,440.5875223,10.51564659,393,female,meat100,20-29
2,meat 100+_female_30-39,8.291450417,12.94718875,24153.64631,42.56446235,1.962539659,0.644795249,321.6807312,1109.796795,39.01031166,1.979675884,4.111956307,6566.058642,11.63286638,0.684447626,0.226731227,129.4882727,427.0935925,8.911608634,778,female,meat100,30-39
2,meat 100+_female_40-49,8.594136798,13.84039035,25236.88755,43.77157021,2.157180906,0.688509926,340.7845089,1103.887755,38.80574681,2.043299758,4.163285109,6675.135389,11.65549947,0.736253441,0.245544375,140.6281896,455.5985744,9.204166922,1935,female,meat100,40-49
2,meat 100+_female_50-59,8.822994637,14.31155141,26315.35246,45.01956917,2.246487242,0.707305051,348.0892109,1123.837366,39.55217043,2.010522102,4.195931264,6621.71889,11.15452155,0.715459218,0.244737169,140.4503691,383.1624653,9.604651136,1753,female,meat100,50-59
2,meat 100+_female_60-69,8.761086389,14.29437697,26959.85415,44.99263974,2.243737005,0.699329875,352.7507906,1132.838913,39.28057721,2.183506717,4.501844038,7176.007789,12.6580259,0.796569876,0.263580555,140.735761,412.2955334,9.93285577,843,female,meat100,60-69
2,meat 100+_female_70-79,9.058908191,15.0440683,28409.96738,46.10024893,2.372163217,0.746777992,352.4071623,1126.792764,39.96117475,2.511500622,5.209373866,8318.890772,13.24023121,1.004649253,0.297372146,129.0447704,397.7582965,10.31297994,274,female,meat100,70-79
2,meat 100+_male_20-29,9.661470069,15.24361496,25636.83664,50.63134232,2.348910557,0.77530157,359.8944113,1201.639259,44.78783034,2.586931403,5.056870768,8308.917472,15.51138629,0.854147535,0.299910396,149.4178947,488.8538561,12.08423012,132,male,meat100,20-29
2,meat 100+_male_30-39,8.987972383,14.51588787,24760.51071,46.68056941,2.10432708,0.716400784,335.8539844,1154.048498,40.66314131,2.481920411,5.143690137,7208.314223,12.97407491,0.811085467,0.271231567,150.7573898,472.1647484,10.90744665,260,male,meat100,30-39
2,meat 100+_male_40-49,8.923046391,14.75584344,24889.45984,46.00699447,2.179164127,0.716453658,321.1426093,1070.861843,39.55497204,2.143621134,4.636949022,6203.742869,12.08547806,0.704916164,0.233379143,122.8835153,356.1368571,8.970962752,616,male,meat100,40-49
2,meat 100+_male_50-59,9.005128859,14.92046705,26293.32829,46.40483777,2.232472467,0.723324752,333.2722443,1116.43387,39.97633428,2.28098039,4.749573314,7149.887637,12.09783468,0.769321278,0.279387071,140.2526002,380.6686169,9.443060815,591,male,meat100,50-59
2,meat 100+_male_60-69,8.877316189,14.93107607,27061.78463,46.44341123,2.226582877,0.738797756,342.0557367,1125.899122,39.60092665,2.153476083,4.84636614,6903.451042,12.33948006,0.717196301,0.250052113,144.9262612,387.3328499,9.705259073,543,male,meat100,60-69
2,meat 100+_male_70-79,9.171771508,15.67217064,28938.87064,47.82980591,2.363342955,0.772865802,335.0329325,1153.774534,39.29668485,2.373564435,5.712709171,7803.219642,12.92674036,0.923625048,0.287651791,118.1830935,362.2654102,9.31111851,168,male,meat100,70-79
2,meat50-99_female_20-29,6.071649505,8.917577587,17967.95501,31.72509872,1.23237982,0.441435354,287.5623239,949.8305823,31.50472962,1.463356645,2.47054954,5223.597019,8.29277928,0.423539738,0.192192168,145.092441,421.343239,8.216452906,669,female,meat,20-29
2,meat50-99_female_30-39,6.126485147,9.150981894,18428.34368,31.6972596,1.274618747,0.438110779,291.7481074,931.8116743,31.63538984,1.395961459,2.431212497,4910.558054,8.004452002,0.421928992,0.175872986,135.4049057,401.5999123,7.970487365,1350,female,meat,30-39
2,meat50-99_female_40-49,6.289444638,9.547694038,19175.92272,32.34052488,1.360091705,0.453406447,295.3161569,932.1169114,32.07969787,1.394747369,2.496615936,5078.826591,8.024521479,0.427979113,0.158651474,128.2238997,386.2741489,8.230918503,2710,female,meat,40-49
2,meat50-99_female_50-59,6.407296332,9.676204972,19873.55578,32.95266751,1.408178238,0.463955122,308.6543878,933.1630872,32.58779748,1.426971892,2.570800048,5062.370254,7.899122582,0.455442575,0.172739392,132.7611621,368.4502448,8.206141249,2682,female,meat,50-59
2,meat50-99_female_60-69,6.412443499,9.701460453,20827.38166,33.28453203,1.404189929,0.461645122,314.1561613,974.4600209,33.05981558,1.458326139,2.641752904,5218.02732,8.081014681,0.438942499,0.183261196,142.9018306,397.5308614,8.379877169,1456,female,meat,60-69
2,meat50-99_female_70-79,6.449237925,10.0965127,21374.76803,33.67475713,1.421484822,0.488111599,323.9348783,942.7224835,32.44150181,1.514630686,3.08608132,5662.160984,7.88580572,0.48799501,0.209892687,150.9626692,342.5257328,8.464210051,450,female,meat,70-79
2,meat50-99_male_20-29,6.497149795,9.620555155,18342.01766,34.25269099,1.310948064,0.460508843,292.5107404,990.9662791,33.05350235,1.429672958,2.783993175,5225.636686,8.815473111,0.404350915,0.173189423,151.2131166,468.9515761,8.962363259,151,male,meat,20-29
2,meat50-99_male_30-39,6.617421555,10.05939716,18997.25591,34.35467347,1.358126086,0.488404783,306.9054971,991.6143115,33.45586732,1.635915875,2.791193715,5246.919259,9.006113168,0.443601101,0.186485855,154.6451421,499.7747578,9.402102013,304,male,meat,30-39
2,meat50-99_male_40-49,6.505798728,10.18901668,19256.80985,33.63220692,1.389271784,0.475548633,288.2757399,905.7036902,32.37258757,1.455692666,2.860859566,4798.076152,8.026734585,0.41515316,0.169304581,139.9710936,360.8518097,7.980736659,663,male,meat,40-49
2,meat50-99_male_50-59,6.466191982,10.05626061,19761.85596,33.72436766,1.401768937,0.479383451,290.7213636,960.6361211,32.11694883,1.432604928,2.701531086,4877.496801,8.234085425,0.444842033,0.170807921,125.2791186,451.8961947,7.98641748,671,male,meat,50-59
2,meat50-99_male_60-69,6.500077448,10.21056501,20668.35138,34.19007078,1.434563529,0.480500443,302.3354052,963.8688342,32.20662266,1.488387064,2.900450332,4857.651889,8.528609918,0.45330488,0.195530509,141.9710308,379.5642745,8.07604762,634,male,meat,60-69
2,meat50-99_male_70-79,6.450290057,10.37249269,21672.95061,34.21026659,1.481321462,0.501641477,287.6679745,937.1319043,30.8210226,1.378196767,2.830734358,5388.050625,8.069173145,0.475082347,0.182437591,107.1084925,355.8147831,7.495712583,231,male,meat,70-79
2,vegan_female_20-29,2.569129344,5.185082606,9258.901794,13.02196969,0.154331755,0.20848477,206.2723216,292.1692203,10.78559308,1.023460484,2.105626694,4296.117971,6.629512336,0.134768036,0.110402415,144.260481,132.0006848,5.076340276,487,female,vegan,20-29
2,vegan_female_30-39,2.734359172,5.363129335,9815.844703,13.73055001,0.161071846,0.215381826,233.7130856,298.2025873,11.5053763,1.061409457,2.128605325,4272.9459,7.197293464,0.15519955,0.126267636,156.82004,133.384536,5.041247902,376,female,vegan,30-39
2,vegan_female_40-49,2.833847714,5.550401827,11040.88424,14.80058374,0.16538756,0.214772757,210.6047344,312.5214929,12.4819096,1.220661139,2.509589064,5519.814481,9.369267914,0.136040941,0.105828358,148.6709414,138.588183,6.289873132,219,female,vegan,40-49
2,vegan_female_50-59,2.668792749,5.771266952,11119.35358,12.67606678,0.151145022,0.217368924,247.045072,307.4291413,11.49464611,1.009130291,2.905753378,5242.950256,5.474841839,0.135786347,0.112389855,195.5555824,131.7512311,5.141895856,106,female,vegan,50-59
2,vegan_female_60-69,2.727806012,5.867590179,12074.58922,12.67996013,0.1470734,0.21369556,254.0816514,322.5931462,11.97344673,1.222072729,2.687901047,5165.036282,6.238104344,0.177384603,0.14551803,208.8696306,174.7772506,6.027918041,81,female,vegan,60-69
2,vegan_female_70-79,3.137776691,5.673022745,11664.7333,15.37687068,0.210568418,0.23765998,218.4358132,336.3003758,13.27340586,1.563890942,2.282454897,5283.68827,8.199864963,0.211366693,0.142820313,128.5064541,216.0894502,7.284642721,25,female,vegan,70-79
2,vegan_male_20-29,3.00191976,6.207056154,10164.44518,15.19599373,0.168083421,0.227689039,234.0551373,338.7404889,12.6746686,1.179103329,2.86180691,4593.43875,6.863593097,0.255138515,0.130949669,180.8936446,159.8989109,5.871917967,198,male,vegan,20-29
2,vegan_male_30-39,2.92933415,5.855490837,9632.532515,14.46353012,0.158708571,0.220354058,237.6608549,289.6912807,12.27406665,1.126396486,2.59236727,4163.298409,6.983563909,0.133122147,0.126451926,175.9146153,111.4286423,5.037208575,251,male,vegan,30-39
2,vegan_male_40-49,2.954204429,5.903678159,9810.556469,14.88406798,0.159155883,0.226298033,245.9894606,295.6431547,12.4389804,1.230415525,2.235748643,3847.92585,8.169154467,0.16884989,0.162156527,179.3257567,115.8371051,5.597491572,165,male,vegan,40-49
2,vegan_male_50-59,2.679984381,5.842984686,10668.23007,12.89849482,0.155742403,0.210795613,266.1626522,292.0644315,11.33586183,0.864753455,2.191533744,4551.648521,5.044142944,0.156005,0.146188726,190.3723062,95.71869405,3.656382528,62,male,vegan,50-59
2,vegan_male_60-69,2.693473857,6.067406969,12034.19364,13.64176592,0.131595402,0.223966908,263.9375286,315.4854795,12.20487782,0.98566176,2.439347704,5112.193673,7.681010752,0.103957585,0.114138155,179.3725277,120.9269614,4.702456986,52,male,vegan,60-69
2,vegan_male_70-79,2.878393574,5.38477512,11874.2816,14.382281,0.18324096,0.216917024,219.0297517,309.8687413,12.49602283,0.875280943,1.967091937,3348.053564,5.959814452,0.205266421,0.116274158,131.7292039,110.8042206,4.606763228,19,male,vegan,70-79
2,veggie_female_20-29,3.854396476,6.573841581,12675.03036,18.25807373,0.659472579,0.28943634,249.6676486,462.8952269,20.0424074,1.298478901,2.287237232,4480.029744,6.09185402,0.313506019,0.150955984,140.1205132,162.0685269,7.451547339,3752,female,veggie,20-29
2,veggie_female_30-39,3.903970888,6.637583049,12863.24162,18.36098992,0.652785571,0.283498725,253.8589057,447.2852903,20.55814654,1.295155105,2.193615434,4513.765548,5.93964868,0.322849045,0.148017963,135.8673002,159.1811469,7.499690465,3634,female,veggie,30-39
2,veggie_female_40-49,3.961896927,6.752992929,13318.48879,18.35144388,0.655668162,0.282753043,270.2406683,440.5544059,20.97395772,1.355827726,2.290430404,4610.079764,6.09015939,0.338812728,0.160268752,150.6782652,150.1467896,7.846443195,2696,female,veggie,40-49
2,veggie_female_50-59,4.040559829,6.91610082,13820.51961,18.2697234,0.662013185,0.289470814,289.0950812,440.3083828,21.23807029,1.453610478,2.363000438,4791.49188,6.407736587,0.362468709,0.180208537,165.1041386,156.7481308,8.040713875,1203,female,veggie,50-59
2,veggie_female_60-69,4.093772842,6.866597798,14351.57235,18.4443644,0.678677516,0.287860599,279.4570507,447.6256918,21.67217419,1.457105062,2.47992602,4819.134699,6.894373595,0.341459666,0.164616176,157.9236907,147.818147,8.175866142,536,female,veggie,60-69
2,veggie_female_70-79,4.028126896,6.86124241,15441.02443,17.83670512,0.660368305,0.306771428,262.6382104,460.8805267,21.02649087,1.32825891,2.266721523,5507.353582,5.668768109,0.323307104,0.156502504,129.9649662,147.8754498,7.743998103,289,female,veggie,70-79
2,veggie_male_20-29,4.262258857,7.268502718,13699.58752,20.45636021,0.709993713,0.31126762,252.0518944,516.8024165,22.2221773,1.35471388,2.46563388,5183.281392,6.430030846,0.346118234,0.139399091,133.7635792,198.9743486,8.484399765,646,male,veggie,20-29
2,veggie_male_30-39,4.222669293,7.153851009,13445.33248,19.97617833,0.672833148,0.297042138,251.9109753,485.7680534,22.10700565,1.412382759,2.525051422,4926.474767,6.968655325,0.352841934,0.130878846,139.9988589,176.3625921,8.723378988,1221,male,veggie,30-39
2,veggie_male_40-49,4.148153984,6.941521719,13565.64714,19.36552601,0.647202388,0.295338158,251.7085274,463.2827764,21.34708854,1.40749408,2.369416917,4681.431011,6.367677962,0.354095394,0.17161192,146.3818306,168.9339688,8.016800673,961,male,veggie,40-49
2,veggie_male_50-59,4.031774969,6.998702666,13550.76331,18.3552865,0.627497452,0.296420181,261.7318197,450.108898,20.45954945,1.39190899,2.570904593,4652.631554,6.404580251,0.347842509,0.156648424,150.5740881,165.3828058,7.784500325,426,male,veggie,50-59
2,veggie_male_60-69,4.073330744,7.128257283,14233.00326,18.44844965,0.627309649,0.310180997,276.0644567,452.7380091,20.66102412,1.40763506,2.656399993,4800.915288,7.643174018,0.342651522,0.170204311,165.7529777,154.7474846,7.861318341,229,male,veggie,60-69
2,veggie_male_70-79,4.185431837,7.050180258,15784.30376,18.42549956,0.67584947,0.337692243,272.2110462,488.9116215,21.13315244,1.544560498,2.422766699,6015.586061,6.44163237,0.369110643,0.197007635,154.5414937,179.3718952,8.238541352,158,male,veggie,70-79
